{
    "rmse": 0.7470099037512214,
    "mae": 0.580233261841348,
    "r2": 0.19330851012038885
}