{
    "rmse": 0.7150705324147302,
    "mae": 0.5721341112669599,
    "r2": 0.1972197445569006
}